{
  "todos": [
    {
      "id": 1,
      "name": "学习redux",
      "done": true
    },
    {
      "name": "打死豆豆",
      "done": false,
      "id": 3
    },
    {
      "name": "蒙圈",
      "done": false,
      "id": 4
    },
    {
      "name": "哈哈哈",
      "done": false,
      "id": 5
    },
    {
      "name": "呵呵呵",
      "done": false,
      "id": 6
    },
    {
      "name": "嘤嘤嘤",
      "done": false,
      "id": 7
    },
    {
      "name": "123123",
      "done": false,
      "id": 8
    },
    {
      "name": "123",
      "done": false,
      "id": 9
    },
    {
      "name": "123123",
      "done": false,
      "id": 10
    }
  ]
}